Name.com,Name.com
Name.com,
Name.com,
Name.com,
Name.com,
new6reports.com,news9diet.com
Name.com,
Name.com,
new6reports.com,
gmail.com,
coulombmedia.com,
ns2coulombmedia.com,Name.com
Name.com,
Name.com,
Name.com,
Name.com,
6reports.com,news9diet.com
new6reports.com,
email.com,
ns1.coulombmedia.com,
ns2.coulombmedia.com,
new6reports.com,
Paypal.com,smail.com
news9diet.com,
gmail.com,
news9diet.com,ns2.news9diet.com
news9diet.com,
Paypal.com,live.com
name.com,
name.com,
Name.com,
Name.com,
webonline365.com,
blackfridavdeals2009ads.com,
acaiberrycare.com,
fastdietdaily.com,
lloroi.com,
peoplewhiteteeth.com,
acaiberryhollywood.com,
theworkdaily.com,
news9diet.com,
itreport.com,
uscreditreportonline.com,
jasonsgotripped.com,
news7health.com,
itrackclicks.com,
nitricoxidemiracles.net,
f7news.com,
careerschoalmtch.com,
quotewizardauto.com,
cashfrcops.com,
classsessusa.com,
trackleady.cam,
s.com,
radiologictechnologistiobs.org,
medicalbillinacareers.net,
6health.com,
kevinsincomejournal.com,
consumersweeklytips.com,
2beparents.com,
scholrships4moms.com,
quidetotattooremoval.com,
nce-coverage.org,
onlineeducationscout.com,
onlineeducationscout.net,
onlineeducationscout.info,
govarantsforwomen.net,
cellulitecreamreview.org,
women-health-survery.com,
womens-health-survey.cam,
trackstatys.com,
medical-careersus.com,
amysdietstory.co.uk,
amysstorydiet.com,
advestmentmedia.com,
advestmentmedia.inf,
advestmentmedia.org,
advestmentmedia.me,
ia.tv,
advestmentmedia.mobi,
medical-assistant-jobs.org,
medicalbillinag180.net,
medicalbillina180.info,
medicalbillinag180.or,
kerbot.co,
scholarshiphelp.net,
new6reports.com,
kelyseczematreatment.cam,
poweredbymagnets.net,
poweredbymaanets.com,
poweredbymaanets.info,
poweredbymagnets.org,
cclead.net,
tv9newstoday.com,
stacysdietblog.com,
Snews.tv,
fdx8news.com,
fheoktrackina.com,
leadzmachine.com,
newsat6health.com,
audietnow.com,
premclicktrack.com,
wrinklecreamred.com,
dsptracking.com,
truthabouabslinker.com,
clickbankz.com,
college-grants.ord,
jetbids.com,
jobarks.com,
consumerhealthwarning.com,
usdietnow.com,
securedclick.net,
wrinkleebook.com,
washingtongazette.org,
washinatongazette.tv,
timesinside.org,
timesinside.tv,
memphisaqazettenews.com,
memphisgazettenews.net,
memphisaazettenews.org,
memphisaazettenews.tv,
securedlink.net,
linksecured.net,
doubledietrules.com,
antiagingebook.com,
iiderquide.com,
liquidationclick.com,
muscletracking.com,
liguidationtrack.com,
agingreport.net,
eatcleanhow.com,
goavliquidationtracking.com,
consumerworksjournal.com,
dicetracking.com,
eatcleanaustralia.com,
eaticleanijump.com,
weeklyhealthinsiders.cam,
freecouponhunt.com,
lauraweichtlossdiary.com,
ecsecured.com,
brainguizger.com,
theskinbeautyclinic.net,
Sebook.com,
teethdentistjump.com,
consumersdigestweekly.tv,
Name.com,
name.com,
Name.com,
,
"['news9diet.com', 'news9diet.com', 'news9diet.com', 'news9diet.com', 'news9diet.com', 'news9diet.com', 'news7health.com', 'f7news.com', 'tv9newstoday.com', 'Snews.tv', 'fdx8news.com', 'newsat6health.com', 'memphisaqazettenews.com', 'memphisgazettenews.net', 'memphisaazettenews.org', 'memphisaazettenews.tv']",
